id_venta,fecha,producto,categoria,precio,cantidad,ingreso
b09098cf-1714-4747-963d-a2fe9363d148,2024-11-14,Pesas,Deportes,101.03,5,505.15
06fb2e38-28b1-4730-bc01-0e40ca4b1436,2024-01-06,Bicicleta,Deportes,213.18,1,213.18
2e285497-573a-452f-a803-4b212dcd5a48,2024-05-17,Pantalón,Ropa,339.15,6,2034.9
edeec8a3-7534-4bf0-bb2f-3571e07d3621,2023-12-28,Camiseta,Ropa,277.19,5,1385.95
5608782e-1b7e-4f5f-91f8-dc499afd6073,2024-05-15,Lámpara,Hogar,263.98,10,2639.8
24a852d1-f8d5-4bd1-a9a2-9a10c12af6b7,2024-09-19,Bicicleta,Deportes,366.87,7,2568.09
bcae6c10-4872-49e6-b2c8-5814f2c3c014,2024-05-14,Zapatos,Ropa,328.49,2,656.98
d161c6d6-2c96-4888-a8f8-63efecf4dbb3,2024-04-14,Zapatos,Ropa,360.02,1,360.02
9a4d6eff-8f0c-4774-b8e8-4d19590c7c7a,2024-10-15,Cómics,Libros,328.31,3,984.93
e74db495-7f2a-4906-aaef-9bc236ca344f,2024-01-15,Balón,Deportes,296.37,7,2074.59
d4b86be1-4aa4-4bea-b38a-1a68394bf5c3,2024-05-01,Camiseta,Ropa,268.5,4,1074.0
66ec66e8-825f-40d8-bb4a-1b98ef42d8b8,2024-09-25,Ciencia ficción,Libros,92.4,10,924.0
ea35602f-ca2a-4fe1-a886-c94c50465351,2024-03-13,Pantalón,Ropa,183.58,4,734.32
f68b2c4b-9695-49e0-b226-a5075054112f,2024-05-11,Cómics,Libros,285.96,1,285.96
269483a6-87f4-481a-ba30-392d183e8b4e,2024-09-24,Balón,Deportes,425.54,3,1276.62
125a62ba-d4ca-4610-a4f4-371afe67c8e6,2023-12-30,Cómics,Libros,148.05,3,444.15
5501ce10-b975-41fe-aef0-32f0a43db2d8,2024-10-20,Tablet,Electrónica,19.14,9,172.26
66edf5e4-6e39-4f16-9279-e008e06d0aeb,2023-12-22,Camiseta,Ropa,270.12,4,1080.48
6a9182bb-dbc4-402b-8e36-a19aff96004d,2024-04-10,Smartphone,Electrónica,54.27,8,434.16
2995b843-1076-47f6-baaa-75a9cadc99d4,2024-07-15,Mesa,Hogar,141.47,3,424.41
52f5d863-77b0-439b-8e0e-5f38c3ef7275,2024-07-26,Novela,Libros,354.2,5,1771.0
0bae7e23-c319-4716-a066-546b9e52faf2,2024-01-13,Smartphone,Electrónica,338.95,9,3050.55
404e88b5-a8e4-4796-9ac7-6edc9a03d0d9,2024-06-19,Chaqueta,Ropa,301.24,10,3012.4
70142944-3eee-4c4b-a548-0128b49c7c12,2024-03-28,Camiseta,Ropa,391.33,9,3521.97
e83d5c09-d480-444e-ac8a-b7a6a32f4811,2024-11-29,Bicicleta,Deportes,241.24,4,964.96
2acdf86f-0313-4a00-b2a3-34253fc20cfc,2024-05-01,Pesas,Deportes,183.68,3,551.04
b29d8a23-c67c-477a-ac0e-083924147807,2024-04-16,Laptop,Electrónica,433.76,5,2168.8
1f3a6b78-077f-409c-8649-696a67924bb0,2024-05-17,Ciencia ficción,Libros,463.18,5,2315.9
620a83ea-ce83-4507-9f5f-fd77a72913db,2024-08-20,Mesa,Hogar,111.63,5,558.15
64e32827-c69f-417d-b305-5bdf4395b8e0,2024-10-19,Auriculares,Electrónica,382.04,4,1528.16
c7a312cb-0384-41b6-847b-20f427706cc9,2024-08-20,Chaqueta,Ropa,264.57,10,2645.7
efcf7337-3b7e-408a-a804-cfec4f823e34,2024-01-11,Smartphone,Electrónica,281.99,2,563.98
22f28e06-edaa-4fbe-9902-135eda5935dd,2024-11-22,Smartphone,Electrónica,336.51,3,1009.53
9b107a22-8c45-4352-b573-4e94212898c1,2024-08-31,Bicicleta,Deportes,255.73,2,511.46
2266b739-7fce-4cac-a1f8-455c79d775b3,2023-12-21,Pesas,Deportes,497.83,10,4978.3
57a59a20-4af2-4cc1-a109-f1b44b2d2aa0,2024-07-24,Cuchillos,Hogar,11.2,8,89.6
45052637-7e91-4181-9a62-9215be8f6530,2024-11-04,Pesas,Deportes,156.13,7,1092.91
c2b66a45-36de-4d54-96b7-f1446eb033db,2024-04-01,Zapatos,Ropa,467.65,9,4208.85
bbc1b051-982a-4413-82d1-aa96b35e47c2,2023-12-02,Lámpara,Hogar,321.08,7,2247.56
cb5c499f-2236-4f3b-8b0b-2d501138b73d,2024-01-15,Ciencia ficción,Libros,418.2,2,836.4
005bd9d6-7c34-44ea-b771-078e77ba7aec,2023-12-01,Lámpara,Hogar,193.35,7,1353.45
a25bd38c-e350-4824-9c76-26bc298daff0,2024-05-03,Ciencia ficción,Libros,40.99,5,204.95
31b9cb52-5cb5-409b-a99d-618bb679f658,2024-04-21,Lámpara,Hogar,325.9,3,977.7
d91f60c2-dbe1-4270-8618-f43e88007e27,2024-10-22,Tablet,Electrónica,21.93,8,175.44
ae5aad01-0155-415a-9682-a731755f390b,2024-05-19,Auriculares,Electrónica,465.27,1,465.27
42711d08-9370-4552-9af5-776d3ecb2cb7,2024-05-24,Bicicleta,Deportes,151.24,5,756.2
0ff84d70-5acd-4ee5-a87c-928a87e64e76,2024-02-16,Sofá,Hogar,310.28,7,2171.96
b1d8c8ee-e35d-4cc3-b1d6-605ddd453a43,2024-01-11,Auriculares,Electrónica,219.5,1,219.5
10ea2bb3-6f7c-4b75-af8c-0c63627a7caa,2024-07-14,Lámpara,Hogar,478.65,6,2871.9
77327c93-6d48-4ea1-9b58-af707cb16c99,2024-04-28,Cuchillos,Hogar,85.58,6,513.48
4fa9c240-7095-494a-a2ca-323159d8bfa6,2024-09-19,Cómics,Libros,411.02,10,4110.2
9d2fd6fd-89e0-45e9-a188-196fdbf2b00c,2024-10-31,Zapatos,Ropa,202.22,10,2022.2
b15426f3-8b84-49a1-98a7-c0c58c1bc3da,2023-12-18,Ciencia ficción,Libros,457.85,6,2747.1
5e517793-479b-4eb8-baf0-c94d292cf7ce,2024-11-04,Novela,Libros,66.56,2,133.12
288d7f72-b451-411f-a922-cd55356446c1,2024-02-20,Balón,Deportes,191.94,6,1151.64
b4479367-f60c-49ec-98dd-6b6faba6f040,2024-06-02,Pantalón,Ropa,375.28,9,3377.52
7b578f59-8dbf-4e3f-a6e7-f5e32b19e86f,2024-06-07,Chaqueta,Ropa,309.09,6,1854.54
b4b7a110-64af-4b28-bb40-42a3d379143a,2024-04-24,Camiseta,Ropa,447.05,1,447.05
0277e31b-ef1c-4e4f-a411-45b601b223d5,2024-10-18,Auriculares,Electrónica,296.44,10,2964.4
a3412182-3571-4312-9273-9361c46d7e6a,2024-02-05,Balón,Deportes,9.26,6,55.56
c3d6148f-601e-43d2-99e6-30d012e8bf1a,2024-07-07,Lámpara,Hogar,406.68,2,813.36
53ccdfb7-0860-4670-ac61-b2337389fb42,2024-03-31,Cómics,Libros,311.43,4,1245.72
5bce32e6-8a8b-4446-a4ae-faf17dfa3758,2024-07-13,Mesa,Hogar,234.69,2,469.38
a4becff9-2f0e-489d-9350-e313beafe0ca,2024-08-13,Mesa,Hogar,322.13,4,1288.52
dc5b8590-7a71-48d4-9383-9cdc500e09fb,2024-02-23,Cuchillos,Hogar,206.46,10,2064.6
5017d3ae-b0a8-42f4-a3ec-c43b8f7ac634,2024-04-01,Balón,Deportes,480.87,3,1442.61
61ded86d-4ccb-4794-b7b6-1d4ad53950fc,2024-11-03,Raqueta,Deportes,240.48,1,240.48
075f689c-3ca3-4bf3-8c3c-9a37b73228a4,2024-10-07,Cuchillos,Hogar,283.67,6,1702.02
940b6cd7-463b-4d1e-8b8a-23e72417b177,2024-06-03,Balón,Deportes,391.75,8,3134.0
153dfb90-60e5-47fe-9e11-cefe000a27c0,2024-10-22,Raqueta,Deportes,41.87,8,334.96
bdb0428f-c931-4de0-aff0-132f37d21e75,2024-09-02,Mesa,Hogar,180.59,1,180.59
93dee139-b658-4331-a621-d6e4c450c377,2024-05-31,Biografía,Libros,352.61,1,352.61
02f5df76-c120-49a6-bf4a-971b92d92888,2024-11-14,Ciencia ficción,Libros,218.04,3,654.12
022d843d-2f47-4974-b2d7-7a98283f04a2,2024-08-14,Cómics,Libros,47.17,9,424.53
8b64b7a5-5dc8-4c9d-87bf-b74ed0226bf6,2024-11-25,Laptop,Electrónica,436.28,3,1308.84
1ac5cd8b-c1c8-49db-836b-383dcf1b10a3,2024-08-29,Pesas,Deportes,306.94,1,306.94
70217e96-5fa8-41ab-aed2-1ac282a49bb8,2024-11-01,Ciencia ficción,Libros,192.22,5,961.1
36cccea6-2e92-44a7-97c6-f75d49778944,2024-07-20,Balón,Deportes,270.77,1,270.77
4978d43d-5160-4a9d-b867-c3e14667dd26,2024-08-30,Ciencia ficción,Libros,471.72,10,4717.2
d4f92c65-05cf-42a8-82e2-6a37085393a2,2024-05-22,Bicicleta,Deportes,26.17,7,183.19
e816ddaf-83e1-4786-aaca-acd9865fc0a9,2024-09-28,Cuchillos,Hogar,466.81,2,933.62
3a2fdbbf-92cb-487e-a097-3daaa2d03723,2024-05-17,Chaqueta,Ropa,304.44,6,1826.64
9efdaafa-781d-4d31-8653-a9fe90de90f9,2024-06-23,Pantalón,Ropa,471.92,1,471.92
97ceb4a5-27b7-4166-a920-36d1551ace4b,2024-04-09,Sofá,Hogar,134.64,5,673.2
47debb3d-03a6-4639-b43d-9d238f3e1b7d,2024-06-19,Cuchillos,Hogar,222.78,1,222.78
6d6ce2f0-21a9-4e4f-8222-2cbfe33321e4,2024-01-06,Raqueta,Deportes,17.11,5,85.55
ad3bed01-0bb6-4a2f-b4b7-3eea9ee91a99,2024-05-29,Laptop,Electrónica,310.31,7,2172.17
1fca1df3-5667-41b4-a5ec-d287690e9e5e,2023-12-02,Cómics,Libros,317.59,5,1587.95
37d2f025-4785-4d6b-a082-3c7d1e20f217,2024-10-03,Cómics,Libros,230.99,10,2309.9
d546d1c8-bf60-4e67-80c8-6bdfb16006ed,2024-05-20,Pesas,Deportes,323.35,9,2910.15
33a300f7-7491-40ec-85aa-65da74b46562,2024-06-10,Cuchillos,Hogar,151.54,5,757.7
cdbbbb0b-fa4a-4bc1-b095-0d1ee48e07ab,2024-02-23,Mesa,Hogar,365.48,8,2923.84
9a431ffb-66e0-4416-a504-3bf75cff1141,2024-09-05,Pesas,Deportes,139.04,8,1112.32
771694e5-081e-4705-9ada-1d419aff080f,2024-10-01,Pesas,Deportes,151.24,5,756.2
8db8e331-b22f-4b57-90d0-4b83bfb5ad44,2024-05-04,Cómics,Libros,410.31,7,2872.17
a197e6fa-6700-48f7-bf34-0519cb2145b1,2024-05-06,Camiseta,Ropa,455.46,8,3643.68
b3b95086-968b-4c0f-9ee1-14f8e9d34865,2024-07-09,Tablet,Electrónica,308.21,10,3082.1
940c1a0a-6250-4054-a33a-97f4ab2fb6cd,2024-07-20,Tablet,Electrónica,76.83,1,76.83
beb5b4be-7abb-434a-bae0-aeb0ed52b694,2024-03-14,Tablet,Electrónica,162.46,5,812.3
fa87027b-333e-4e89-bc00-9c5ac9bcb935,2024-03-30,Pantalón,Ropa,164.76,4,659.04
c6f7cfe8-9c2c-4f73-a586-43f814ef682e,2024-03-05,Pantalón,Ropa,324.25,7,2269.75
f4276682-79eb-45af-a173-089efae5d7a0,2024-09-05,Raqueta,Deportes,143.92,1,143.92
a07689d0-ceff-4815-9172-b504eb9e9479,2024-09-03,Camiseta,Ropa,147.81,2,295.62
46ee3dea-4d3a-4727-89bf-1c4026d4d705,2023-12-05,Mesa,Hogar,425.17,8,3401.36
9a8c3833-f2c9-4f3c-8211-ec8148357def,2023-12-24,Laptop,Electrónica,495.15,4,1980.6
ef97ed1d-d990-42c0-bf56-fa07e020c6b5,2024-09-12,Cómics,Libros,303.51,7,2124.57
76d5b02b-4b2c-45c1-97e9-de8c617cee43,2024-06-08,Camiseta,Ropa,118.5,8,948.0
72f8ac5a-6b05-43b0-a168-3023b381cab0,2023-12-23,Sofá,Hogar,474.12,2,948.24
8b3cdb58-143b-48ca-a914-7687499ab4e4,2024-09-03,Mesa,Hogar,7.39,8,59.12
bb42e193-4780-407e-b3c2-53e25e7b5140,2024-03-18,Auriculares,Electrónica,36.18,7,253.26
adac3653-d310-419d-9ac0-b95a48480ebc,2024-01-24,Novela,Libros,371.99,3,1115.97
734405d8-b039-47cc-b4dd-f091bf3dc7b6,2023-12-17,Raqueta,Deportes,83.53,2,167.06
f7946518-77a2-4dbb-b255-f522545c980c,2024-06-07,Tablet,Electrónica,468.72,10,4687.2
d73479e7-faad-43f3-a924-98853e0c5681,2024-02-03,Balón,Deportes,18.7,2,37.4
2a71be82-562f-400b-8260-cb474174ec1b,2024-02-07,Balón,Deportes,79.5,3,238.5
056869c7-e17c-47f4-8fe9-353208b95c82,2024-08-23,Bicicleta,Deportes,425.03,8,3400.24
8712b9f4-1427-4da9-aba3-4836125b1d16,2024-11-11,Chaqueta,Ropa,216.29,2,432.58
e03eadb2-b651-4af0-85ef-da85fa0f924e,2024-05-31,Biografía,Libros,442.0,3,1326.0
dd9834fd-b03c-4049-8e90-f693623d800f,2024-04-22,Novela,Libros,306.03,3,918.09
fbc8283a-84f5-4e77-888d-5458fd1474de,2024-03-08,Auriculares,Electrónica,380.87,6,2285.22
2d075088-57b5-4cb7-a61e-e99a376cbd8c,2024-03-14,Smartphone,Electrónica,494.63,2,989.26
c108b105-6cae-4284-8520-d28a4e9d226a,2023-12-15,Balón,Deportes,198.0,5,990.0
cf6fbdd1-d0e8-4c8e-a1fc-eeadc7f16c21,2024-11-25,Bicicleta,Deportes,191.54,8,1532.32
9e42952c-b62f-4b12-9d78-099d3cf44baa,2024-02-07,Cuchillos,Hogar,336.78,2,673.56
234ca323-e72e-48b5-88ef-36f9776d6a5d,2024-03-11,Mesa,Hogar,192.91,7,1350.37
62a30ad3-033d-476e-a67f-2768e49894c7,2024-06-02,Smartphone,Electrónica,456.9,2,913.8
04d8d256-7ac1-4533-8523-40ee019ceecd,2024-10-20,Raqueta,Deportes,120.34,2,240.68
d7b5c095-c186-46d6-8560-0e526953ec00,2024-05-17,Mesa,Hogar,311.72,6,1870.32
d7abc12f-e99e-4705-82ba-73f677550357,2024-04-22,Sofá,Hogar,72.87,3,218.61
aafe045a-3524-4715-aae4-6cc11e06f66a,2024-06-23,Balón,Deportes,427.09,7,2989.63
50c24e75-774e-4990-b1af-9a5b3395bb91,2024-02-13,Balón,Deportes,312.15,5,1560.75
124537e0-c809-4673-abb8-5b8e6e75e7a3,2024-03-23,Mesa,Hogar,62.03,1,62.03
d8d8c58c-138e-4349-9eca-49d224cd0392,2024-03-16,Mesa,Hogar,496.64,1,496.64
2251c93d-1e03-4b2c-aa04-2eb71177f7bb,2024-06-26,Laptop,Electrónica,324.88,5,1624.4
8cc40b70-8afa-4225-9689-974e631d24c7,2024-02-28,Tablet,Electrónica,190.1,6,1140.6
533cacfa-3ca3-4c63-b6d2-cec9d4599d99,2024-11-14,Ciencia ficción,Libros,442.79,7,3099.53
87e24bd8-6bdb-42e9-bc32-da5a977a031d,2023-12-27,Ciencia ficción,Libros,122.14,6,732.84
949887b5-73c4-4357-b259-d9a5fc5e9923,2024-02-24,Cómics,Libros,195.78,6,1174.68
b2ec5300-ce1c-4941-97d6-5bc4256521fd,2024-06-29,Novela,Libros,7.86,1,7.86
b7acffb8-200f-44ff-8f3f-d8950956ea42,2024-11-06,Laptop,Electrónica,286.6,5,1433.0
95a29b4e-a3f9-4c09-9431-a47e117944eb,2024-09-12,Cuchillos,Hogar,493.19,4,1972.76
9158f741-4014-49f7-a9f5-c269b2149869,2024-08-25,Smartphone,Electrónica,21.44,2,42.88
8d6b83fa-b512-4100-bc93-32d6163e3a9b,2024-07-11,Cuchillos,Hogar,341.65,6,2049.9
75dbd0c0-3ac8-4bc5-999c-792286058b30,2024-10-03,Balón,Deportes,178.58,6,1071.48
aeab024b-22e4-44f9-9817-0b54c077db78,2024-11-21,Zapatos,Ropa,9.28,1,9.28
d43e07b4-ec1d-45ef-89f8-ea958d921e30,2024-06-23,Cuchillos,Hogar,47.8,10,478.0
6cbf555e-55f9-49b7-9607-6ff07bfc2ef3,2024-07-28,Bicicleta,Deportes,10.99,2,21.98
d5a0afa9-9513-4cc6-9e08-a9e71ab53b1d,2024-06-18,Balón,Deportes,15.84,4,63.36
5cff8874-f62d-4cc7-a060-c470d05efad6,2024-01-20,Novela,Libros,102.84,5,514.2
95ccb965-b519-4ee3-9d9d-68c351b87940,2024-02-12,Tablet,Electrónica,498.33,1,498.33
01c386b9-4025-46e8-811a-3daabc537731,2024-07-30,Camiseta,Ropa,193.44,2,386.88
c8016bdc-d70a-4653-a2dd-cafff58c1d25,2024-09-22,Laptop,Electrónica,355.96,2,711.92
697f1724-b73d-4d5e-96b8-db152d2c5556,2024-09-04,Cuchillos,Hogar,25.52,4,102.08
49a0149d-f5e7-4e27-932f-feea40457e3f,2024-09-07,Lámpara,Hogar,456.19,4,1824.76
dce5444a-6c29-48a3-9a06-86cdd1fcc484,2024-04-17,Biografía,Libros,74.49,10,744.9
3bdef17d-1010-4855-a4bd-ddf392c4496d,2024-07-26,Pantalón,Ropa,469.17,2,938.34
17626a5a-f25b-4b09-a8ea-452242ae8a43,2023-11-30,Lámpara,Hogar,137.49,9,1237.41
d24b2f7d-a64d-4ed6-8657-d813956e41fd,2024-06-29,Cuchillos,Hogar,222.96,2,445.92
40b32a51-85c6-4f83-8913-c8215b8b4f7a,2024-08-27,Smartphone,Electrónica,85.86,6,515.16
b291d7f0-15fb-4271-9876-8bf851decf5d,2024-10-04,Zapatos,Ropa,100.11,1,100.11
216da1de-7304-48bc-8ed7-feabc04e8f16,2024-11-08,Zapatos,Ropa,260.92,8,2087.36
685e5dc8-aaa4-4c4b-9565-7d598e1173bd,2024-05-28,Chaqueta,Ropa,62.76,5,313.8
48eb63c0-fd89-4d0b-a533-fff01333b08b,2023-12-02,Lámpara,Hogar,312.75,6,1876.5
16905a47-386c-4f54-b012-9996dbf6bc9d,2023-12-14,Pesas,Deportes,428.57,9,3857.13
96dcaef2-b468-4867-a720-462ad62f7d0f,2024-08-28,Camiseta,Ropa,187.54,7,1312.78
d6aad722-a6d4-4507-a602-0ff536242ceb,2024-10-07,Mesa,Hogar,382.02,2,764.04
ffea8239-d5bd-464f-8635-a47aec1652c5,2024-05-06,Lámpara,Hogar,63.84,10,638.4
f4511eb7-6e9b-456e-9ab2-ffd8cc8b5632,2024-01-19,Cómics,Libros,252.02,5,1260.1
95e33b3b-a042-4cab-87be-04e025e8213a,2024-03-27,Chaqueta,Ropa,225.15,7,1576.05
25353a24-bfa8-4613-9161-78d4a7effeb7,2024-04-06,Cómics,Libros,17.41,7,121.87
2ef522e1-a394-40cd-a20d-c5ea279f515c,2024-08-18,Pantalón,Ropa,320.57,7,2243.99
e06c77ce-f28c-4ef9-8c57-063b23f40edf,2024-09-10,Novela,Libros,304.44,4,1217.76
d79d4d99-300e-4965-abd2-09f7a818dbab,2023-12-14,Tablet,Electrónica,455.04,9,4095.36
e8e9b074-289f-469e-bf44-4ab5629cb23c,2024-01-03,Chaqueta,Ropa,416.25,6,2497.5
d5e96ad0-7ed2-4029-8def-392f0ccc94dc,2024-05-15,Pantalón,Ropa,126.52,4,506.08
08d1c297-9be8-4da2-b28e-8c2b92d89438,2024-11-10,Pesas,Deportes,230.44,1,230.44
c31f5506-5e20-46a5-937c-952cc54696a5,2024-08-11,Bicicleta,Deportes,59.86,5,299.3
62c0de3d-1697-40fd-817c-3253360e4e64,2024-11-20,Sofá,Hogar,314.6,4,1258.4
bc27bacf-e72a-432f-a1da-b349fecd070e,2024-09-06,Raqueta,Deportes,369.67,5,1848.35
4fbd503e-b25b-4ffa-a6bd-fe5ee77fc036,2024-08-18,Novela,Libros,371.04,9,3339.36
6f88ad62-fb29-469c-8852-10f885de3fa0,2024-08-25,Lámpara,Hogar,133.88,9,1204.92
12b072b1-7a29-4ce4-b9c1-3fa7197c60f1,2024-11-13,Novela,Libros,443.55,1,443.55
2ed5f8e5-661b-4af0-a654-7d5b2f3584f2,2024-04-24,Balón,Deportes,33.31,1,33.31
0e8bdf17-8c5d-46a5-aa31-142b614fac0c,2024-08-21,Chaqueta,Ropa,78.88,3,236.64
65036ebf-0416-4b3e-bda8-251d4339a1a1,2024-08-03,Sofá,Hogar,15.12,3,45.36
4356e816-f20c-4091-b657-3c4368e86670,2024-01-18,Bicicleta,Deportes,317.26,4,1269.04
da8967db-cfdd-405d-84e9-90d1450d5e32,2024-06-18,Lámpara,Hogar,211.29,9,1901.61
cc0ef35d-5ce3-46e2-bb16-a410394d1f3a,2024-04-21,Novela,Libros,260.43,5,1302.15
36db2d00-29bc-4a83-8bb4-d44b1f790acf,2024-07-16,Smartphone,Electrónica,39.2,4,156.8
c82799f0-1e7c-47a5-9eba-74fb905c8b33,2023-12-28,Bicicleta,Deportes,293.55,1,293.55
9b67dc9d-c6a3-4393-ba44-09da3e739159,2023-12-28,Bicicleta,Deportes,7.04,10,70.4
46acfa38-a338-41a7-a0d5-d06c1c12f7be,2024-03-22,Sofá,Hogar,378.2,9,3403.8
86dd41a0-d121-463f-927e-1297e1f278a7,2024-05-13,Cómics,Libros,130.64,1,130.64
8ff74040-2541-4246-babf-c0151121d71c,2024-01-22,Zapatos,Ropa,83.68,5,418.4
2eb03efe-f37d-459d-8eef-0432a5562bf9,2024-05-09,Cuchillos,Hogar,93.51,10,935.1
c509745f-b3a6-405e-bee8-d22ccc919c5e,2024-03-04,Zapatos,Ropa,299.35,7,2095.45
e5a32342-4a7a-4291-8aff-091cfd913c40,2023-12-21,Biografía,Libros,328.86,8,2630.88
5238b06e-c38f-47c2-b81b-a1011691a5ae,2024-07-11,Cuchillos,Hogar,271.62,10,2716.2
0b03389e-a4c4-460c-ad78-ad7d3b3b6df2,2023-12-03,Mesa,Hogar,323.87,3,971.61
24c2ee4b-b377-432b-a0c8-df0453e4c533,2024-01-09,Sofá,Hogar,84.14,4,336.56
36dd6f89-d234-4550-8e59-547f1efed7a9,2024-04-24,Biografía,Libros,86.0,5,430.0
a917350f-0e7b-4cfa-9e8f-abcdd34135ea,2024-09-03,Auriculares,Electrónica,498.55,6,2991.3
a07f9351-7822-4d89-88f0-985d18eb87d8,2024-04-28,Lámpara,Hogar,441.27,3,1323.81
3bfa2b2b-9297-43c7-a192-b88a0731d0df,2024-10-27,Sofá,Hogar,125.05,3,375.15
08f8d6dc-18af-4b05-99f6-50ac79515ec1,2024-09-08,Pantalón,Ropa,437.39,9,3936.51
943f79f0-2bd0-46bc-aab7-d183f257ecf3,2024-04-04,Biografía,Libros,472.93,9,4256.37
0c5a8788-bfa1-4ed3-a2c3-970d0212d7aa,2024-02-09,Camiseta,Ropa,82.02,8,656.16
707a87a3-1cdb-4839-9649-f4c4db79ce96,2024-10-15,Tablet,Electrónica,498.83,4,1995.32
58967db9-c5e3-42bd-9b74-6d2b8a06dcd5,2024-03-01,Novela,Libros,220.34,4,881.36
78898d47-08ca-44d1-a537-a5a6ff59a64a,2024-01-18,Raqueta,Deportes,63.94,8,511.52
4e53455b-e5ce-4091-b64a-0713c5469eb5,2024-04-13,Cómics,Libros,202.12,7,1414.84
79a602b4-7766-444c-959d-820cbf156a20,2024-11-24,Raqueta,Deportes,415.05,2,830.1
e7d52b90-c0ad-4ebe-a82b-d1ffd6c437cf,2024-03-23,Pantalón,Ropa,5.34,5,26.7
6f960ddf-4b7a-4f3c-95b9-a5c91aa41903,2024-11-19,Laptop,Electrónica,197.33,8,1578.64
6b86647c-c3da-4a26-bcd4-4a357d214fa5,2024-02-26,Smartphone,Electrónica,69.32,7,485.24
711c1310-7b3e-418c-9771-be9ef6f42c07,2024-05-12,Sofá,Hogar,416.02,4,1664.08
f77bde3e-548d-42b4-99b3-03b85a0e64e2,2024-02-12,Raqueta,Deportes,335.82,1,335.82
fcbb26ac-0afc-411a-bf25-ddc33848d952,2024-03-04,Bicicleta,Deportes,467.47,9,4207.23
866ec7be-52cf-4611-97ee-577216a77cd0,2024-06-04,Balón,Deportes,126.98,6,761.88
d0bb9743-b8b6-4704-918d-eb530f4d3a7e,2023-12-25,Ciencia ficción,Libros,288.22,3,864.66
b462b3b1-1192-4b28-826d-193cef743ed5,2024-06-02,Auriculares,Electrónica,386.42,4,1545.68
e10cf027-098a-4463-9581-0fd909e6f8a2,2024-04-18,Camiseta,Ropa,57.16,5,285.8
fe22d03d-d92a-4ce5-af6a-5d101c0fcab5,2024-07-09,Camiseta,Ropa,401.34,9,3612.06
3a69eb5c-8845-4c5b-9d2f-ebb3a1363138,2024-01-03,Bicicleta,Deportes,322.1,7,2254.7
d1259f69-37e7-4aa2-953e-5447c1846502,2024-11-25,Cuchillos,Hogar,442.98,7,3100.86
310430f8-3240-4e60-a854-f527dd7846e1,2024-07-24,Mesa,Hogar,485.18,8,3881.44
335fc998-a673-4f76-b470-f5655dda36e2,2024-07-30,Zapatos,Ropa,158.52,10,1585.2
796bb664-6e51-471d-b716-65b8a2c90ce8,2024-05-14,Laptop,Electrónica,235.23,4,940.92
cb856566-ee7f-4b23-8720-8bfe2e515c17,2024-11-18,Laptop,Electrónica,444.23,1,444.23
2ab40690-f67e-44ed-adb2-0a38633e199f,2024-04-03,Novela,Libros,104.2,8,833.6
c9617f38-e3e3-41d6-b4dd-ac486bad3e3e,2024-08-08,Lámpara,Hogar,98.52,9,886.68
5e8be84a-314f-4a5a-bded-76eb407add20,2024-11-22,Balón,Deportes,145.51,6,873.06
1637f67f-913c-4e9c-a772-5bbc6cbf48f1,2024-04-05,Smartphone,Electrónica,381.34,1,381.34
64fb0e07-bfb7-4aee-84d4-ce180b87042f,2024-04-27,Bicicleta,Deportes,148.93,8,1191.44
2a5bb321-3df4-4949-a0e6-ed07de2b4363,2024-04-03,Auriculares,Electrónica,289.04,1,289.04
08c1047c-65e6-4f92-9906-399f32c52272,2024-10-23,Raqueta,Deportes,11.48,5,57.4
61678aec-021a-4f3a-860e-54165ee9d060,2024-03-08,Balón,Deportes,420.17,5,2100.85
e3e32049-2056-4994-9695-55514f97cdc5,2024-11-06,Auriculares,Electrónica,126.84,4,507.36
fbc224e8-e163-41f7-9bed-6ecb2122f90e,2024-02-29,Pesas,Deportes,297.99,5,1489.95
0dcd2f60-c456-42cc-a3fd-63f5fcb37a66,2024-07-19,Smartphone,Electrónica,22.83,5,114.15
3334a7e4-2f5e-41ba-a73e-eb83af21bb6e,2024-01-22,Cuchillos,Hogar,316.59,9,2849.31
51da8174-b02d-4d42-ba23-ffbeeb053e5b,2024-02-24,Auriculares,Electrónica,111.89,5,559.45
b75ba193-591b-4664-9a0c-ec3d74db953e,2024-07-19,Camiseta,Ropa,191.75,3,575.25
a7623e08-d55b-4e11-a00e-e3380a4045c1,2024-08-12,Lámpara,Hogar,327.37,2,654.74
546cfab3-548f-463d-8483-194ccf036d95,2024-03-06,Novela,Libros,343.57,1,343.57
81e025b6-2deb-437a-8139-0bf6a829517b,2024-04-06,Cuchillos,Hogar,377.72,8,3021.76
d5f8bd16-fd59-4c99-a0d9-ebceecfca04e,2024-09-26,Mesa,Hogar,447.87,6,2687.22
b3487a6c-637f-405f-9e3c-7c2eee812865,2024-02-01,Novela,Libros,12.44,8,99.52
a629b578-3c4a-4547-bee0-0552a1b8bcb4,2024-11-17,Biografía,Libros,103.14,2,206.28
ce6cea4c-47d4-4a25-81b6-64e272ab84b5,2024-01-31,Zapatos,Ropa,81.5,3,244.5
36365779-9799-4053-88ad-8548199f0caf,2024-07-06,Chaqueta,Ropa,211.02,4,844.08
94ed3f22-cc51-47d1-b8db-b4b4e80bf7cf,2024-10-18,Ciencia ficción,Libros,430.99,6,2585.94
4907537c-e97b-4e6f-b480-1f1db8df31a8,2024-10-09,Raqueta,Deportes,363.21,7,2542.47
23bc91cb-6807-4eef-b4e1-65d6b94e3726,2024-01-25,Biografía,Libros,229.81,4,919.24
5865cbcb-0af3-4ee7-8314-7ac68b283077,2024-06-14,Novela,Libros,252.69,10,2526.9
e66efe65-dabd-4b1e-9302-06344909b8f3,2024-06-21,Sofá,Hogar,129.08,3,387.24
2afc8c7c-81d2-4884-8267-e50f6a7e391f,2024-01-10,Biografía,Libros,297.96,3,893.88
4c67c0b3-ef38-4b72-a30d-2d3f41661d7e,2024-01-19,Raqueta,Deportes,384.37,10,3843.7
93b60df1-f1d6-4955-ae11-67950640e851,2024-03-23,Chaqueta,Ropa,84.37,1,84.37
4b361f36-cf1e-402f-815d-0f975b35345f,2024-05-21,Bicicleta,Deportes,153.16,5,765.8
0e7e7a85-0c6c-430a-918a-82b5604bb39d,2024-02-05,Pesas,Deportes,60.32,4,241.28
6b771b5b-bbad-4324-9131-582767092774,2023-12-18,Bicicleta,Deportes,308.31,3,924.93
ee0adc43-cff6-4575-947a-a6f95e9f1b3f,2024-10-16,Pesas,Deportes,53.24,7,372.68
52bbe235-b7f0-4726-a21f-af7e45b3f307,2024-03-04,Lámpara,Hogar,185.37,10,1853.7
4473a13f-2209-418d-bd42-37416d218f94,2024-08-21,Novela,Libros,218.97,4,875.88
3c2d323e-1d6a-413e-a0de-8ac8d0cb7d19,2024-10-20,Novela,Libros,471.77,4,1887.08
794f16b0-b41a-4bee-81f7-7e5696ce7417,2024-10-16,Lámpara,Hogar,273.84,7,1916.88
fbbfe6a8-d365-4ba8-b9ae-33ebe51f3d00,2024-03-12,Ciencia ficción,Libros,224.0,3,672.0
cd6519eb-90eb-46c5-80f6-7226639d67ec,2024-07-03,Lámpara,Hogar,406.68,1,406.68
3bf32bf8-4262-46bb-8a56-bfd29810743f,2024-01-06,Bicicleta,Deportes,100.25,5,501.25
944f85eb-f077-409f-9b30-0b263394035d,2024-11-29,Balón,Deportes,17.11,5,85.55
7e583b7f-7c79-47c0-86cd-9eeaa967626b,2024-05-11,Ciencia ficción,Libros,352.18,9,3169.62
83de605b-0cb4-4176-990e-e460a785b18f,2024-06-18,Camiseta,Ropa,309.12,4,1236.48
628fbc14-5c41-405a-a615-e3a82616a07c,2024-08-24,Cuchillos,Hogar,369.18,2,738.36
23856954-b5bf-4870-9035-24fa3aa3d981,2024-11-11,Novela,Libros,113.28,1,113.28
15c3e418-5e7e-4865-b544-a660d0e4f8a3,2024-05-15,Smartphone,Electrónica,319.86,7,2239.02
63be2a57-5a3e-4e11-ae97-ff15aa22867b,2024-01-07,Balón,Deportes,276.89,3,830.67
b19586b1-5309-4fe5-bdda-dc49504259f4,2024-09-14,Mesa,Hogar,244.98,2,489.96
c2372d93-fb6d-4d7f-a233-e97746b1d21b,2024-02-04,Smartphone,Electrónica,80.56,7,563.92
12b8ce95-4739-428e-ab6f-863c80919ec1,2024-09-21,Cuchillos,Hogar,314.49,10,3144.9
03b65eab-b6b0-4094-b9da-2da93e09a349,2024-01-24,Lámpara,Hogar,340.97,7,2386.79
7a4d5054-4971-452c-a82f-62129d2734a4,2024-11-15,Tablet,Electrónica,455.08,7,3185.56
275306d7-ef4b-4f46-ba9f-49752951740a,2024-03-29,Cómics,Libros,122.82,10,1228.2
b35e85c0-8768-43fe-a1c7-e9d6f3cab057,2024-10-25,Biografía,Libros,376.01,6,2256.06
6f6583ca-aec5-497d-b108-fc2f0206d049,2024-07-29,Biografía,Libros,104.92,8,839.36
36bfad91-9aa9-426d-84e8-d192d9640599,2024-11-03,Pesas,Deportes,248.28,5,1241.4
652915cc-8398-4ee4-8374-9ca4e4a883d3,2024-02-26,Sofá,Hogar,230.84,5,1154.2
8c128956-a9a9-415e-b4a7-88492f54c350,2024-11-22,Ciencia ficción,Libros,93.3,7,653.1
f3dd04c9-6069-4cf9-ad09-88345e0b5338,2024-09-18,Bicicleta,Deportes,362.62,2,725.24
4d4eb192-8c3b-4b9d-822e-477505a3bc80,2024-04-01,Laptop,Electrónica,420.02,2,840.04
71673686-8d99-425b-b73a-d3463afb9e82,2024-02-14,Lámpara,Hogar,276.85,8,2214.8
96c1f570-6861-4c7e-bca7-98c66ffd32ef,2023-12-09,Smartphone,Electrónica,41.51,4,166.04
ea25c083-394c-4ae2-a6ae-7ec419aae6d4,2024-03-14,Mesa,Hogar,337.89,7,2365.23
cd87d75d-a80d-4005-90ec-7bba3561d1aa,2024-02-07,Zapatos,Ropa,312.27,7,2185.89
316ed821-4da1-46e6-b99b-84311cf21895,2024-03-26,Camiseta,Ropa,162.7,3,488.1
bbfc032f-1ba0-491c-a9da-4ba8d25e75b1,2024-07-24,Balón,Deportes,378.14,8,3025.12
acaa717a-4c57-4326-8915-d3f4c93a9ec2,2024-02-01,Smartphone,Electrónica,110.02,3,330.06
a14afb84-076c-414d-89de-2f1f90f39d58,2024-07-26,Lámpara,Hogar,37.53,6,225.18
c5d6ea05-aecd-4e39-8e0e-a571292f302b,2024-11-17,Cuchillos,Hogar,265.34,5,1326.7
05815907-b58e-4088-a65c-f814e8d6799a,2024-05-27,Balón,Deportes,344.89,3,1034.67
a98511c0-6a8c-4d34-9c82-c8313d8ca108,2024-04-04,Auriculares,Electrónica,210.09,9,1890.81
1340f4ce-a3bc-491e-9f34-187237b03ed6,2024-05-15,Smartphone,Electrónica,124.93,1,124.93
520252f9-4bee-4dee-933d-6696b065c28f,2024-02-07,Zapatos,Ropa,430.33,2,860.66
d3211fea-3cad-45cf-ba90-26190b91a309,2024-06-10,Zapatos,Ropa,18.22,4,72.88
2bd70c95-0051-4bf9-b8e4-2ef5822fb7f2,2024-01-15,Biografía,Libros,132.19,8,1057.52
c8d1e264-e242-4dc1-bee7-11ab4248f4dd,2024-01-27,Chaqueta,Ropa,240.49,5,1202.45
a3384d70-467b-46dc-b264-5c752a16c669,2024-08-28,Tablet,Electrónica,329.22,1,329.22
3dda9152-9038-4e9e-8759-b71434649a13,2024-05-29,Cuchillos,Hogar,395.28,8,3162.24
729dd376-b1ff-4dc8-9f6e-c5a901119f28,2024-05-03,Cuchillos,Hogar,474.86,7,3324.02
e1405bfa-2d68-4f0d-8a5f-2a7b01fb3d4f,2024-04-07,Pesas,Deportes,96.85,3,290.55
8e7aa1d8-e75d-4d10-b161-d86ef4be8ec2,2024-02-16,Cuchillos,Hogar,495.45,6,2972.7
4bfe9340-bd1b-449b-8428-f99409cf31f1,2024-07-03,Bicicleta,Deportes,229.88,2,459.76
4078b6c1-8dc4-4c02-8377-87da15eed37f,2023-12-04,Pantalón,Ropa,399.68,7,2797.76
183a5ca1-3505-4457-9dd7-c3e5c826e89c,2024-11-28,Bicicleta,Deportes,56.32,9,506.88
960266cc-1b34-402b-84a1-a5b8ea15876f,2024-03-14,Tablet,Electrónica,190.72,2,381.44
b53d04cf-6ac0-4185-85dd-706bd78b9428,2024-11-19,Balón,Deportes,171.52,8,1372.16
0a624afd-780b-48bf-8af5-aafeb85cec08,2024-10-05,Camiseta,Ropa,249.09,4,996.36
afc20e28-c802-4fed-93cc-4c0906841812,2024-04-18,Camiseta,Ropa,114.88,2,229.76
852078b3-f7b3-42d2-9e3e-fd4c5c54917b,2023-12-31,Smartphone,Electrónica,402.36,8,3218.88
30308951-4f2b-44f6-bb4c-87f474f9a8cc,2024-06-06,Chaqueta,Ropa,498.32,4,1993.28
dacafcd8-8459-464e-97e3-1415693eefda,2024-09-06,Pesas,Deportes,263.46,5,1317.3
c3a8da99-7c7c-4ae6-81be-fe49018d5120,2024-11-17,Laptop,Electrónica,493.6,1,493.6
8962cedd-a91f-489a-a227-aa38233df948,2024-09-25,Balón,Deportes,326.78,9,2941.02
cd9ea02c-49f2-414e-b02a-89d698e16592,2024-10-19,Laptop,Electrónica,314.78,10,3147.8
18a74450-d0df-4b8e-b0cb-cf5da7dc8959,2023-12-07,Bicicleta,Deportes,208.16,5,1040.8
4d86710c-046f-4d3d-a313-def3bb5f4af6,2024-02-29,Cómics,Libros,469.32,6,2815.92
99c2ab1f-b0e8-40be-b32e-1b0c5ef4c5f2,2024-03-27,Biografía,Libros,130.63,5,653.15
541263c0-898d-422d-ac97-520a86e43c7b,2024-03-02,Cuchillos,Hogar,477.31,2,954.62
22d296fd-3e39-4618-91be-84e920b0f12e,2024-04-13,Sofá,Hogar,94.24,5,471.2
9ecb960e-c88a-4b7c-ab40-6d38cff6810c,2024-10-16,Balón,Deportes,41.36,6,248.16
b2998551-c75a-4153-9e72-ba31264fdef8,2024-04-13,Tablet,Electrónica,348.36,7,2438.52
c7a38c86-2f3c-4c8d-8a0a-8167b05bf039,2024-07-23,Camiseta,Ropa,94.71,7,662.97
05e3e7b5-b221-4eca-b24c-b1952f3edd1a,2024-02-27,Biografía,Libros,268.14,9,2413.26
0469190a-7b31-421c-afc6-dca98d7ae0db,2024-10-07,Laptop,Electrónica,95.07,8,760.56
6cd91bd9-fbf7-4f4b-8c3f-1063bdf5760e,2024-05-28,Zapatos,Ropa,457.01,9,4113.09
d6543208-fb23-489b-a736-c317f8d7dd1c,2024-07-15,Zapatos,Ropa,216.55,1,216.55
53a95418-2372-435a-93a8-9414eee18c2d,2024-03-06,Pesas,Deportes,57.7,7,403.9
5207a447-afad-4338-8640-0e3e59845d5d,2024-02-14,Ciencia ficción,Libros,444.15,7,3109.05
6942e26c-d387-4c29-b594-6f6d54819541,2024-07-04,Zapatos,Ropa,51.82,2,103.64
e6efc195-d94d-417e-ba75-1e11f5763d1e,2024-11-24,Laptop,Electrónica,280.72,9,2526.48
42b20d5c-53da-45a1-85ec-fbd8f577fe64,2024-10-20,Chaqueta,Ropa,415.87,8,3326.96
834867e8-e074-48a8-9226-97e6947fbfb3,2024-10-08,Cómics,Libros,362.07,2,724.14
9e54604a-06ef-4c30-99d4-af83cdcf3533,2024-02-05,Auriculares,Electrónica,194.05,3,582.15
f26d3820-7e85-43fe-ae83-25c313e836bd,2024-10-06,Balón,Deportes,106.0,7,742.0
2fae0dfb-bdbe-4aa7-8bf0-2ece60a3fc6e,2023-12-29,Raqueta,Deportes,72.83,5,364.15
9fa1fb01-e0b7-473c-85d0-393086441d5d,2024-06-26,Camiseta,Ropa,115.27,5,576.35
86e9265e-3c93-48b0-b051-3e76d9b8e665,2024-10-14,Chaqueta,Ropa,363.93,3,1091.79
4a2d43bc-b92d-475f-b1e1-1be93420e869,2024-02-20,Chaqueta,Ropa,5.63,6,33.78
55a86b0a-ea1a-46f1-afb1-14704cc43895,2024-04-27,Novela,Libros,487.53,10,4875.3
c0fa40c7-5899-4321-9ab0-6eb4926d8162,2024-06-11,Lámpara,Hogar,432.07,2,864.14
59778fe6-ee83-426f-9b68-cd8f5aeb29d6,2024-09-05,Pantalón,Ropa,400.27,5,2001.35
62f7d78e-6183-47dd-bdd9-8d6a820cedbd,2024-08-25,Sofá,Hogar,123.87,1,123.87
d59060a0-a99f-4f1d-83d9-9a5fdd0dec2b,2024-02-05,Bicicleta,Deportes,198.01,2,396.02
6015bf7c-f93f-4f2e-b6ed-f11bfb7551d0,2024-08-07,Balón,Deportes,346.17,9,3115.53
d555f1ea-2c87-4f7f-b147-9342dc101269,2024-06-22,Ciencia ficción,Libros,121.29,2,242.58
c3454a12-5c3a-4578-8f3a-0be958d7167a,2023-12-28,Pantalón,Ropa,188.26,7,1317.82
01053cf8-081f-4464-a397-ac3057fe16fe,2024-11-19,Mesa,Hogar,203.31,3,609.93
912e797f-c427-40a7-b89a-09e26c949f05,2024-08-09,Cuchillos,Hogar,169.9,2,339.8
bc25058e-679d-46bc-bbcc-2333fba17902,2024-03-10,Ciencia ficción,Libros,115.28,2,230.56
da65a50a-b988-4544-9fa3-45f730be6017,2023-12-09,Pantalón,Ropa,348.22,4,1392.88
da34ddb1-1d6b-4c6d-8762-884067dc5f0b,2024-04-01,Camiseta,Ropa,443.14,1,443.14
4505fad7-ecff-4267-a30d-59aa2a713136,2024-03-25,Zapatos,Ropa,12.01,4,48.04
e1028ab4-7ef8-47d9-8be5-70a1b832db04,2024-01-25,Biografía,Libros,321.96,3,965.88
ad98ed10-645e-41f4-b380-68cf9328e2cb,2024-09-11,Cuchillos,Hogar,390.03,3,1170.09
c5f900ef-604c-4c07-96aa-6fbfdb828471,2024-02-20,Cómics,Libros,441.5,5,2207.5
6ea91d01-b683-40b6-a443-e15162145f4c,2024-09-03,Pantalón,Ropa,410.3,1,410.3
19336da1-a370-451b-b8ad-8bb0c3a5d43a,2023-12-12,Zapatos,Ropa,179.78,7,1258.46
b9fbac2c-6969-447d-a4c1-1f28ad9d15b5,2024-10-20,Zapatos,Ropa,295.93,1,295.93
170b41dd-5acf-4d9f-a41f-c92b82853f93,2024-06-27,Smartphone,Electrónica,73.18,2,146.36
b236900e-abd9-4686-aa71-04d1f5a50fbe,2024-02-19,Mesa,Hogar,337.61,8,2700.88
2beb7311-bab9-41e6-854f-45e185f5ac52,2024-08-30,Novela,Libros,162.46,5,812.3
bb0168c8-2ca4-44e8-9388-5b7401c579d6,2024-04-12,Smartphone,Electrónica,167.71,7,1173.97
e53361d2-e5a5-43bb-b961-a43d6fafd022,2024-10-21,Lámpara,Hogar,424.41,6,2546.46
abfffae1-6c8d-4641-b366-a2ead1e03a74,2024-09-25,Smartphone,Electrónica,448.28,9,4034.52
99c73b15-48a0-4953-b93c-d3f61a14f1b0,2024-08-08,Smartphone,Electrónica,246.54,1,246.54
2af47221-4dd5-4ffe-9c08-b662bd6b1187,2024-04-17,Zapatos,Ropa,384.71,10,3847.1
2a4c1750-47e4-4d85-8ac1-7f0535798ca2,2024-10-26,Lámpara,Hogar,116.16,7,813.12
0b1b3a5c-0e05-4b42-9cca-9a50494ca0f1,2024-07-16,Pantalón,Ropa,20.79,4,83.16
683e85fd-7930-4315-b6c3-2f1fc429e183,2024-08-21,Ciencia ficción,Libros,175.01,10,1750.1
fa85dcb1-424d-40fc-9b5e-718979dfa82a,2024-10-09,Balón,Deportes,70.87,2,141.74
f2ba9a1c-c827-4804-a9d0-9d7279285c87,2024-06-17,Pantalón,Ropa,161.05,8,1288.4
3eccf72f-68a0-4651-bbb9-d1af3c440836,2024-06-24,Bicicleta,Deportes,55.86,9,502.74
91bef4e1-8acc-4bb8-8947-95f6afc8d8e1,2024-02-10,Balón,Deportes,428.21,2,856.42
039d8fed-5e69-4989-bb6e-5e1ee8be546f,2024-09-23,Auriculares,Electrónica,366.72,5,1833.6
6c3a4d7d-e006-476e-8d07-052fb04736f3,2023-12-05,Ciencia ficción,Libros,119.93,7,839.51
815fac34-263d-4548-824f-626476bfc448,2024-01-19,Cuchillos,Hogar,31.66,1,31.66
fd7defed-47b3-4d7d-82f5-cf853b376106,2024-06-05,Novela,Libros,117.92,8,943.36
bfafeab5-a619-4f9a-b82e-1351be9b6317,2024-11-01,Cómics,Libros,54.05,8,432.4
abebd618-1276-42c7-8c8c-aca68c00ba18,2024-08-28,Bicicleta,Deportes,476.29,4,1905.16
cd9192b5-34cb-416d-8dfb-2a073cdae539,2024-08-30,Novela,Libros,156.38,4,625.52
f92a4149-499f-4704-8183-f292ece335cd,2024-09-22,Sofá,Hogar,404.03,3,1212.09
142ef15a-56ba-4eda-8f9c-358592ee0314,2024-07-13,Lámpara,Hogar,75.87,5,379.35
37721ce8-d1ca-438e-82ec-c27e34a6c092,2024-07-14,Lámpara,Hogar,90.62,2,181.24
1c5e23cb-66a1-49a3-b5ff-716b77265818,2024-03-27,Sofá,Hogar,447.22,2,894.44
f42f2f42-9c0a-4d78-8e5c-6f293aaaddf6,2023-12-30,Cuchillos,Hogar,6.05,3,18.15
01c91510-3fc5-4f68-b1e9-378b131bbf32,2024-01-06,Smartphone,Electrónica,484.84,4,1939.36
76d9571b-0b01-42e6-8216-fcf5ac2d3263,2024-05-14,Cuchillos,Hogar,91.45,7,640.15
2d5062c6-9560-4db8-9d5c-87f86a72544f,2024-06-02,Sofá,Hogar,320.09,4,1280.36
d5084a76-eef9-4722-84b3-43b86b768941,2024-07-30,Pantalón,Ropa,155.6,7,1089.2
66a0674a-fb7b-4a95-9597-ebb9d840186c,2024-09-12,Raqueta,Deportes,196.4,7,1374.8
e7ec823f-92e7-46a5-8fcd-b7876fdf0fe7,2024-06-04,Raqueta,Deportes,30.5,9,274.5
3f676d0e-f25c-44b2-a328-34cd4933a570,2024-11-24,Mesa,Hogar,477.47,4,1909.88
b51cd78a-27a0-47f1-af20-3648f212b666,2024-04-03,Biografía,Libros,199.49,1,199.49
44878db5-5a5b-40bc-b040-9c2fc93425d4,2024-04-28,Tablet,Electrónica,255.04,9,2295.36
81f57bc6-f8f6-4a81-9a95-706ccb8a61b4,2024-10-07,Novela,Libros,440.41,3,1321.23
8986b559-df86-4c71-9ecc-fe0571111f4b,2024-10-02,Smartphone,Electrónica,35.78,8,286.24
44389a21-3cca-4a59-9f43-f121f2b868af,2024-08-02,Sofá,Hogar,60.59,6,363.54
f2517bcc-d2b6-4b75-b751-18ba105a1dd6,2024-11-28,Auriculares,Electrónica,214.93,1,214.93
570b88ec-a632-403c-9e25-2a2be064faa8,2024-08-20,Pantalón,Ropa,327.99,10,3279.9
41abe3bd-36a3-4575-b391-0940aa65bad0,2024-09-06,Ciencia ficción,Libros,171.11,8,1368.88
8df39a8a-7b37-435f-b9e7-cb00f41b3936,2024-01-28,Mesa,Hogar,461.41,7,3229.87
83d9dcae-645e-4b74-bb44-76391e298365,2024-11-05,Biografía,Libros,302.98,7,2120.86
72d1f6fa-d3bd-4f37-92f8-a95ae0316c36,2024-06-10,Ciencia ficción,Libros,204.36,5,1021.8
259b52e5-e761-4163-bb9a-4690fccf7364,2024-04-04,Novela,Libros,130.12,6,780.72
3eb1fbbc-b49f-4490-9b37-b62dbe53a98f,2024-03-26,Sofá,Hogar,40.89,9,368.01
ea465d15-e652-4e77-b0fc-0e2e0927dc31,2024-04-29,Ciencia ficción,Libros,298.85,4,1195.4
d2d2746b-bb5a-408a-b981-384727daf13d,2024-03-13,Auriculares,Electrónica,342.35,8,2738.8
4b795bf8-c86f-4e70-be9d-3485b9e6c90d,2023-12-10,Sofá,Hogar,348.45,3,1045.35
3439349c-773f-4139-8507-b29081acd057,2024-11-26,Biografía,Libros,250.08,3,750.24
0e602240-b5fb-4692-89f6-e18551f1b324,2024-02-07,Raqueta,Deportes,266.37,8,2130.96
3260a193-f188-4f74-84dd-1339e415a1d3,2024-10-12,Mesa,Hogar,235.74,8,1885.92
37ffd20f-5b35-4d81-b60c-8ea1ca09a238,2024-03-27,Pantalón,Ropa,269.31,4,1077.24
05587748-33ad-4b01-aefb-75f43b6824c1,2024-10-04,Raqueta,Deportes,318.1,6,1908.6
f8c81296-dbce-4db2-b56d-5818d69b689c,2024-07-07,Laptop,Electrónica,65.7,3,197.1
fd8c5485-15bd-4c64-bf9f-84c2b75705c9,2024-11-27,Raqueta,Deportes,148.14,6,888.84
4addc594-c5c2-443f-8674-b3800edc3dff,2024-09-10,Cómics,Libros,26.15,3,78.45
097854a9-2f5d-49fd-8915-4aefb8a842ad,2024-05-29,Laptop,Electrónica,33.25,5,166.25
9e7be28c-cac8-4f11-93ca-7d3ff8a17ac6,2024-10-27,Auriculares,Electrónica,122.97,3,368.91
1923256a-b98d-4d61-b475-b5ae359d595f,2023-12-28,Tablet,Electrónica,447.63,4,1790.52
c31de6de-5387-4df9-af27-af759167938e,2024-06-14,Raqueta,Deportes,472.01,7,3304.07
0bc9fdd4-d48a-4999-8e9e-66ed217a9c0b,2024-01-07,Biografía,Libros,58.37,6,350.22
9f6fabba-94c1-49f7-b6f1-c00cf2ba7fac,2024-06-26,Novela,Libros,484.6,10,4846.0
fa1a68a5-7fd2-453f-bb5a-193035a898ca,2024-01-28,Sofá,Hogar,238.83,2,477.66
bd83f568-ba2c-4a03-8452-be27a6d23f04,2024-09-04,Pantalón,Ropa,334.76,5,1673.8
570cf9f5-9698-4836-a4ec-f90317e3bf94,2024-10-20,Auriculares,Electrónica,46.66,1,46.66
b309e5f1-31dd-4b57-b452-50ad65cdee53,2024-09-12,Bicicleta,Deportes,314.13,5,1570.65
04448902-21dd-4d4b-958f-be42d4f4f12c,2023-12-22,Tablet,Electrónica,150.23,3,450.69
0116c6cb-f319-483b-86b4-651d71809029,2024-01-19,Sofá,Hogar,56.97,2,113.94
f08ecd6c-5acd-467f-977d-3ce721bfc1eb,2024-09-05,Smartphone,Electrónica,339.78,8,2718.24
15a7c13e-d99d-45b5-9217-1cf428b435f1,2024-05-18,Novela,Libros,308.01,2,616.02
6bfc9d62-5fda-4adb-ba5a-b037bf64d19e,2024-05-13,Pesas,Deportes,62.27,5,311.35
c740442b-fa53-465a-88c2-51beae80e9ca,2024-07-20,Mesa,Hogar,48.77,4,195.08
3578da52-0a2a-4270-8774-170b9867f5f2,2024-08-11,Balón,Deportes,397.45,8,3179.6
82873570-be36-47ee-9fb9-5af08d898448,2024-02-07,Biografía,Libros,338.98,7,2372.86
440db414-b5c8-42e3-968e-d65773638a69,2024-10-30,Pesas,Deportes,168.8,7,1181.6
f7f66217-bc78-481a-b302-11b724cf0b46,2024-09-30,Novela,Libros,462.04,5,2310.2
11edbefc-e543-43d2-9838-f35ce727c036,2024-05-18,Pantalón,Ropa,134.5,9,1210.5
e2cd39e2-342c-4365-b49f-497094d7210f,2024-05-03,Tablet,Electrónica,332.09,5,1660.45
8e434097-c9a8-4fd2-a067-32765bcb9c3b,2024-03-19,Laptop,Electrónica,73.04,1,73.04
6405f0b1-d880-48bf-bf8e-21cdde194e06,2024-03-13,Smartphone,Electrónica,463.02,6,2778.12
1b317053-de0e-4144-895b-70c8c79d2c30,2024-06-20,Ciencia ficción,Libros,252.1,1,252.1
8ba9054f-e97f-467c-8e57-3d074a51a660,2024-11-28,Smartphone,Electrónica,431.2,6,2587.2
dcd92b9a-485e-4dbe-976c-6e286516aaa8,2024-07-15,Cuchillos,Hogar,251.69,2,503.38
12b18614-1bf5-4c38-b936-5f22469466ca,2024-01-03,Novela,Libros,212.13,8,1697.04
d227c7ec-16fa-4ffd-beb1-5dbb3ef9c385,2024-11-25,Novela,Libros,459.4,1,459.4
91f9e3a2-4966-4665-bf8b-51cc49be4421,2023-12-26,Mesa,Hogar,81.01,10,810.1
4d6a1ac9-95bd-4da9-96bb-5a299541481e,2024-05-03,Novela,Libros,81.98,9,737.82
f8f2d142-0d00-4648-87c2-341cca9fc4f5,2024-06-08,Chaqueta,Ropa,262.44,8,2099.52
f758ff81-ec8e-4f1d-ba08-1a0a38f1df30,2024-06-11,Pesas,Deportes,405.87,3,1217.61
5b53a907-d6bb-4990-acaf-280cb389c859,2024-06-10,Sofá,Hogar,95.78,2,191.56
890cf810-40b8-4b8a-a9db-41d711e2430a,2024-08-10,Cuchillos,Hogar,265.08,9,2385.72
4c3d7ee9-1559-4c47-bdcc-15fe1afdab94,2024-04-16,Pantalón,Ropa,85.22,10,852.2
a81253c3-9e72-415f-808b-4a1e8f9f78f7,2024-05-15,Mesa,Hogar,183.18,6,1099.08
797af7f7-ee2e-4fc5-91b7-cf443d836926,2024-06-12,Pesas,Deportes,331.43,3,994.29
e86d6206-fd5b-4f91-a551-7a5e1719a4c6,2024-07-21,Lámpara,Hogar,365.11,4,1460.44
53c17a1a-b598-4604-b928-855698b29e76,2024-11-09,Cómics,Libros,192.5,5,962.5
572277fd-2a5a-4d85-9f97-3741b9cc3e37,2024-06-06,Laptop,Electrónica,19.67,10,196.7
e730f665-e1f8-4dc3-aa86-2a9aaf3e0e51,2024-10-30,Cuchillos,Hogar,60.38,5,301.9
5caccf89-8646-471a-b58e-e95fe33e6a84,2023-12-03,Smartphone,Electrónica,266.58,6,1599.48
2cf00f6d-7aaf-48c1-9bdf-41ed86c289e8,2024-11-24,Sofá,Hogar,489.32,3,1467.96
5b8339af-1872-4e86-be7d-c7a9693172a3,2023-12-22,Lámpara,Hogar,192.16,7,1345.12
ad9e12d2-e464-46ba-9e07-5ae1a7d1714c,2024-08-26,Auriculares,Electrónica,436.0,7,3052.0
83225350-bd0b-4280-8d99-ecbc31282e7c,2023-12-29,Novela,Libros,310.39,10,3103.9
a4222224-9503-403e-b2db-4ec142d7f60c,2024-03-30,Cuchillos,Hogar,455.42,2,910.84
cff31bb3-d562-4c12-a052-1cb5a0529fad,2024-03-30,Smartphone,Electrónica,465.69,10,4656.9
e0e2a7e3-7775-4837-a594-223f5babdd68,2024-01-23,Auriculares,Electrónica,33.52,7,234.64
b141a3be-dbff-479b-8c87-703a8299e599,2024-05-05,Pantalón,Ropa,409.9,2,819.8
4994faf9-bd03-471c-91fb-692d5430b515,2024-10-30,Pantalón,Ropa,257.41,9,2316.69
8e9606ca-e74a-4e0d-a2b2-34ca78a31b63,2024-04-25,Cuchillos,Hogar,398.36,10,3983.6
cef78fed-6cd7-4d52-a033-3fc1a4ae76a0,2024-06-10,Tablet,Electrónica,494.56,3,1483.68
8de202b0-fafc-4057-80fe-b04a52d4d857,2024-06-10,Mesa,Hogar,36.61,6,219.66
5d4d74d0-5718-4834-b4a9-bd257cb93c2d,2024-03-15,Mesa,Hogar,412.42,10,4124.2
87ecf00b-3a52-4bee-ad30-3c68cac95d30,2024-08-11,Mesa,Hogar,345.69,6,2074.14
d70ce058-e194-491d-b297-3c7bf8287d4d,2024-09-04,Pesas,Deportes,325.45,4,1301.8
07d41383-bca5-4a8f-a769-6b14e70e62ac,2024-01-13,Mesa,Hogar,52.2,10,522.0
6329ded8-f69f-434d-b4b5-73c65ffd652c,2023-12-27,Pesas,Deportes,214.99,8,1719.92
3ed6b749-d049-46af-be38-255e88ef0be3,2024-03-24,Lámpara,Hogar,156.78,3,470.34
90778bf9-0bc5-4a9c-aaaa-d5f0947edbca,2024-01-27,Sofá,Hogar,78.92,10,789.2
db3f12b5-69fe-4ea0-8425-4c6095214067,2024-03-12,Zapatos,Ropa,447.84,5,2239.2
269ef002-34ba-454f-bd7a-afadb5f2c83e,2024-10-28,Zapatos,Ropa,177.85,1,177.85
4284bf42-a7b7-4d65-840c-5455472ee64f,2024-05-03,Pesas,Deportes,125.82,5,629.1
4d8662aa-e6be-4c1d-a647-b3f463bed59f,2024-02-15,Mesa,Hogar,88.54,5,442.7
6c0d5ae4-5048-42c3-9e03-b72c6c816951,2024-09-29,Raqueta,Deportes,146.91,3,440.73
26023386-9929-47ed-9929-16bb19036b82,2023-12-20,Sofá,Hogar,347.71,8,2781.68
c2370d6f-1c81-4d3b-83c8-4b9f1989bfb5,2024-03-08,Novela,Libros,51.74,2,103.48
d8135dfa-81c3-41ea-995a-e16860bc9166,2024-10-23,Camiseta,Ropa,226.52,6,1359.12
e961df22-5ac2-4520-b821-a9553acd7bae,2024-09-24,Biografía,Libros,305.98,9,2753.82
516ab60f-21c3-4f1f-b7f7-6d7616c408cc,2024-11-19,Camiseta,Ropa,103.27,8,826.16
849e700b-ab95-4792-b330-3cde2783815a,2024-04-14,Sofá,Hogar,404.15,2,808.3
731f3f86-e030-4e48-9b39-ea5c16d5c93e,2024-05-27,Zapatos,Ropa,177.29,1,177.29
